id_inventario;nombre_articulo;tipo_modelo;color;marca;medida;existencia;entrada;salida
1;Lampara led;EG AR111;Blanco calido;ENERGAIN;120 - 14;2;50;32
2;Lampara led;EG LED 12W LUNA;blanco frio;ENERGAIN;120 -14;10;70;68
3;Lampara led;EG LED 12W LUNA;Blanco calido;ENERGAIN;120 - 14;15;60;56
4;Lampara escandesente;inodecostst4540wle;No aplica;luxe ;120-   40;4;0;0
5;Lampara escandesente;st1940watts;ambar glass;feit electric;120 -40;3;0;0
6;Lampara reflector;500R-FL-130;Blanco;feit electric;130 -500;2;0;0
7;Lmpara reflector;BR40-cl;Blanco calido;Lummi;120 - 250;1;0;0
8;Lampara cacahuate;JC20;blanco;teno lite;12 - -20;44;0;0
9;Lampara cacahuate;JC20;blanco;teno lite;120 - -20;39;0;0
10;Lampara cacahuate;jc10;blanco;teno lite;12 - -10;7;0;0
11;Lampara cacahuate;jc20;blanco;Leiting;12 - -20;25;0;0
12;Lampara led decroico;MR16smdled- 2.3wam;amaillo;teno lite;120 --;3;0;0
13;Lampara led decroico;MR16led-5.5watt.-30;calido;teno lite;127 - -5.5;3;0;0
14;lampara alogeno decroico;MR16130-20w-c;Blanco calido;teno lite;127 - -20;3;0;0
15;Lampara alogeno decroico;MR16130-50w;blaco calido;teno lite;130 - 50;1;0;0
16;Lampara alogeno decroico;MR-1650x;luz calado;voltek;130 - 50;12;0;0
17;Lampara alogeno decroico;GULO-35-C;luz calado;teno lite;130 - 35;2;0;0
18;Lampara led decroico;MR16-led-5.5w65;luz de dia;teno lite;130 - 5.5;16;0;0
19;Lampar halogeno decroico;jcdr+c;yello -marillo;laiting;130 - 50;9;0;0
20;Lampara  led ;EG-56w;blanco calido;energain;131 - 56;18;0;0
21;Lampara halogeno decroi;MR11130v 50wgx5.3;Blanco calido;CE;130 - 50;7;0;0
22;Lampara halogeno decroi;FTD;blanco calida;teno lite;12 - -20;5;0;0
23;foco perla;No aplica;blanco calido;durotex;120 - 60;0;0;0
24;foco perla acorasado;No aplica;blanco;durotex;120 - 60;6;20;17
25;lmpara led cacahuate;JCDO-LED -3W-30;luz CALIDO;teno lite;120- -3;0;47;27
26;Foco led (HAB);a19-led-012-65;luz de dia;teno lite;120- -11;18;66;72
27;Foco led (HAB);a19-led-012-65;luz calido;teno lite;120- -11;0;107;72
28;Lampara led akaba (HAB);YDCLED-315-B;lanco calido;teno lite;120 - 4;36;0;12
29;Luminaria led panel ;ML PA-30-120;Luz blaca;teno led;85,277- 36;3;0;1
30;Lamp. Florecente T8 ;F3218-tl865;Luz blaca;Phillip;100,277-32;17;0;0
31;Lamp. Florecen. T8. U ;FBO32-841-ECO;Luz blaca;Osram FORMA U;32;8;0;0
32;lamp Florce. Led Bace G13;EG-T8C-18W-2PIN;Luz blaca;energain;100,277-18;15;0;0
33;Lamp. Florce Led Base Fa8;EG-T8C-18W;Luz blaca;ENERGAIN;100,277-18;9;0;0
34;Globo o esfera cristal;n*4;BLACO ;No aplica;No aplica;3;0;0
35;Base p/foto celda;47229cofo-ls;azul;voltek;127 - 15;5;0;1
36;Foto celda;47228 sefo L.S;azul;voltek;127 - 8.45;6;0;2
37;base P/lampara (Estto.;cat 464-c;blaco;royer;250 - 1500;8;0;1
38;tira led rollo;No aplica;No aplica;No aplica;No aplica;1;3;3
39;Base p/Lam/decroica ;YD-118/b-c;blanco;teno lite;127 - 12;9;0;2
40;Base p/Lamp/decroica;YD-115-5;blanco;teno lite;127 - 50;4;0;0
41;Base p/Lamp/decroica;YD-220/s;negro;teno lite;127 - 50;1;0;0
42;Base p/Lamp/decroica;YD-220/n;negro;teno lite;127 - 50;5;0;0
43;Base tripie led p/2/ lamp;ELSWT220BG3-MX9;Verde limon;ECO;127 - 20;3;0;0
44;Luminario cuadrado /refle;100LQLEDT65NUN;aluminio;teno lite;100,277-100;1;0;0
45;Base p/Lamp/Buro (hab);No aplica;Blanco porselana;chino;120 - 00;9;0;1
46;red/Soke p/lampara;No aplica;aluminio;No aplica;250 - 660;21;0;1
47;Base p/lampara MR;46532popo12;blanco porselana;Volteck;127 -00;5;0;0
48;soke roscable porselana;46521  12  13;hueso;Volteck;127- 4;16;0;3
49;Terminales reptas p/CABLE;Para cable #14;amaillo;No aplica;127- 00;20;0;10
50;chupon p/cable;enpate de cable;rojo amarillo;No aplica;127 - 00;50;0;43
51;Base p/tubo floresente;floo5c   g13;blanco;No aplica;600 - 00;17;0;0
52;placa mudular 2 ventana E.;712921;hueso;leviton;No aplica;22;0;0
53;placa m. elec. 3 ventana;100-6202w;blanco;royer -100;No aplica;16;0;0
54;placa m. elec. 3 ventana;100-6204nw;blanco;royer -100;No aplica;16;0;0
55;Placa m. elec. 1 vntana;100 -6201w;blanco;royer;No aplica;4;0;0
56;Placa chasis ciega elec.;46141 popo-lb;blanco;volteck;No aplica;7;0;0
57;Placa p/int. Elec. (recetac.;46410 ppin dos;gris;voltck;No aplica;3;0;0
58;Placa p/Inteperie elec.;p11202-p;gris;igoto;No aplica;1;0;0
59;Apagador sensillo;100-6211w;blanco;royer-100;127 - 15A;11;0;8
60;contacto censillo ;ewd7113;blanco;royer;127 - 15 A;10;0;2
61;contacto p/ 220 ;V1877b;marfil;etn;250 - 20 A;2;0;0
62;recetaculo doble completo;eg6-100b;blanco;leviton;125 - 15 A;3;10;6
63;placa dos modolo elec.;2m50c0;blenco;leviton;No aplica;3;0;0
64;placa un modolo elec.;g913xx3;blanco;alpha;No aplica;3;0;1
65;contactor  trifasico;3rt2027-1an20;No aplica;siemens;220 -32-A;1;0;0
66;fuente de poder ;M 20 -12;aluminio;miras;E 110 s 12;2;0;0
67;controlador tecnoleo;ML-FP 250W-12;Aluminio;tecnoled;220 a 110 V;1;0;0
68;controlador dribeled;dribeled 12v-200w lp66;aluminio;driveled;100 a 240 v;1;0;0
69;inteructor de tablero;80602CA un tiro 2 polo;negro;cooper;127 - 10A;7;0;7
70;inteructor de tablero;arrow hart nom-042;aluminio  1X2 TIR;arroaw hart;127 15A 3/4;1;0;1
71;eslavon fuxible subestacion;5ge00-01 universal;aluminio;electramex;15kv-100A;5;0;0
72;clavija reforzado;No aplica;negro;leviton;127;10;5;13
73;tranformador;QTR- 403E;No aplica;quality;120-240-24;1;0;0
74;chalupa plastico;No aplica;verde;magna;No aplica;10;4;7
75;cortacircuito fusible;C F E;No aplica;Lusa;15KV 100A;2;0;0
76;Caja de registro elec.;4x4;galvanisado;No aplica;No aplica;5;0;0
77;Caja de registro elec.;3x3;galvanisado;No aplica;No aplica;1;0;0
78;Baslastro ele. ;758-232-mc T8;negro;LSB SOLA BACE           ;127 - 30-28;16;0;0
79;BALASTRO ELEC.;RES-3P14-4 N1724 t8;NEgro;Phillip;127-3X14;4;0;0
80;Balastro elec .;QTR 2X32 t8/UNV-SC;negro;Osran;127  2x32;4;0;0
81;Baslastro ele. ;n1624-1  T8/t12;GRIS;philips;127  2x60;16;0;0
82;Baslastro ele. ;res2p59-nT8;negro;philips;127  2x59;6;0;0
83;Balastro electronico;No aplica;gris;magg;127  2x78;9;0;0
84;Balastro elec.;un1798 T5;gris;philips;127  3x14;5;0;0
85;fusible renovable subestac;mercury nabaja;No aplica;mercury;600 v  400 A;4;0;0
86;Fusible renovable subestac;mercury nabaja;No aplica;mercury;600 v 200A;5;0;0
87;fusible renovable subestac;mercury nabaja;No aplica;mercury;250 v 100 A;5;0;0
88;Inteructor termomanectico;ul/CSANEMA KAAR;Neggro;delta;220 v 40 A;18;0;0
89;Inteructor termomanectico;n-5561   QOB;Negro;delta;220v 10 A;28;0;0
90;Inteructor termomanectico;n-5561   QOB;negro;delta;220 v 30 A;1;0;0
91;Inteructor termomanectico;n-5561   QOB;negro;delta;220v  40 A;7;0;0
92;Inteructor termomanectico;ul/CSANEMA KAAR;negro;delta;220v 2x40;3;0;0
93;Inteructor termomanectico;ul/CSANEMA KAAR;negro;delta;220v  2x50;1;0;0
94;cable electrco;#18 ;negro;condulec;cajas;3;0;0
95;cable electrco;#10;negro;No aplica;metros;10;1;10
96;cable electrco;#12;verde;No aplica;metros;30;0;20
97;cable electrco;#10;blanco;No aplica;metros;20;0;5
98;capasitor de trabajo;cr-55-d gb;No aplica;gb;440-55f-370;3;0;2
99;unidad fusible subestacion;smu-20-3-c;No aplica;iem;unidad;2;0;0
100;brida W.C ;spud;cobre;2 pulgada;unidad;7;0;1
101;rompedor de vacio;v-651a 3323182;negro;sloan;unidad;17;0;0
102;brida p/migitorio;pb-402;gris;coflex;unidad;2;0;0
103;balbula roscable;3553c-13;galvanisado jirato;dica;1/2p;2;0;1
104;balbula roscable;1/2  BUELTA;bronce jiratorio;wog;3/4  P;3;0;2
105;Reducido cap. Soldable;1/2  a 3/4;COBRE;cobre;unidad;15;0;0
106;Reducido cap. Soldable;1/2 a 5/8;cobre;cobre;unidad;7;0;0
107;conector c/rosca exterior;3/4 pulg.;cobre;cobre;unidad;3;0;0
108;codo soldable;1/2 pul.45 grado;cobre;cobre;unidad;37;0;0
109;codo soldable;1/2 pul.90 grado;cobre;cobre;unidad;15;0;2
110;T soldable;1/2 pulg.;cobre;cobre;unidad;19;0;0
111;Tuerca union soldable;1/2 pulg.;cobre;cobre;unidad;22;0;2
112;conector c/rosca exterior;1/2 PULg.;cobre;conbre;unidad;16;0;2
113;niple corrido soldable;1/2 PULg.;COBRE;cobre;unidad;6;0;1
114;tapo soldable;1/2 PULg.;cobre;cobre;unidad;10;0;0
115;Tuerca union soldable;3/4 pulg.;cobre;conbre;unidad;7;0;1
116;codo soldable;3/4 pulg.;conbre;conbre;unidad;5;0;0
117;cople soldable;1 pulg.;cobre;cobre;unidad;6;0;0
118;T soldable;1 pulg.;cobre ;cobre;unidad;2;0;0
119;codo soldable;1 pulg.;cobre;cobre;unidad;1;0;0
120;conector c/rosca exterior;2 pulg.;cobre;cobre;unidad;2;0;0
121;Reducido cap. Soldable;2pulgada a 1 pulg;cobre;cobre;unidad;1;0;0
122;cartucho p/regadera p/HAB;5v;azul;helvex;unidad;1;0;0
123;Conector p/manguera;3/4 pulg.;laton;truper;juego;4;0;0
124;chupon oniversal p/fregade;2 pulg. A 1pulg.;hule;coflex;unidad;1;10;2
125;Tornillo p/FIJAR W.C;76MM 3pulg. Largo;acero inoxidable;coflex;juego;8;0;4
126;valvula llenado caja w.c;filpro;plastico;filpro;unidad;3;0;1
127;rana p/W.C;2 pulg.      ;hule;No aplica;unidad;2;0;1
128;rana p/W.C;2 pulg H2 H2;HULE;No aplica;unidad;2;0;0
129;Tornillo p/caja y w.c 5/16;P-2045;METALICO;coflex;juego;20;0;2
130;Tornillo p/caja y w.c 5/16;49331;metalico;foset;juego;16;0;3
131;push c/sistema cock HAB;R282758;cromo;hurrea;unidad;4;5;2
132;Empaque p/tanque bajo;2 pulg.;negro;coflex;unidad;15;0;0
133;Empaque p/tanque bajo;3 pulg. B7002;negro;coflex;unidad;5;5;2
134;cespol p/lavabo 3/4;No aplica;cromado;hurrea;unidad;3;0;0
135;cespol p/lavabo 3/4;No aplica;cromado;anbec;unidad;1;0;0
136;cuello de cera con gia;p.b 104;cera;coflex;unidad;7;0;3
137;monomando p/ lavabo HAB.;MO8-DC-01;CROMADO;ELVEX;unidad;2;0;0
138;llave angular 1/2 roscable;996687;cromado;hurrea yfonset;unidad;7;6;6
139;llave de nariz 1/2 ;490740llj-100;laton;foset;unidad;5;0;3
140;monomando p/regadera;E705;No aplica;Helvex;unidad;2;0;0
141;cabesal p/regman (r. mano;sb 987;p ,v.c;helvex;unidad;4;0;0
142;mescladora p/fregadero;fig. 8.1;cromado;rugo;unidad;1;0;1
143;Boton lateral caja w.c;sanitario;cromo;coflex;unidad;3;0;0
144;palanca tanque onodoro;flexive;cromo;fluidmaster;unidad;3;0;0
145;taquete de expansor1/4;H376306;galvanisado;china;juego p;3;0;2
146;sistema dicadual p/W.C;KD4056P;PLASTICO;dica;unidad;2;0;0
147;valvula de purga aire 1/2;40012;foset;No aplica;unidad;3;0;0
148;maneral p/mescladora;fig.Q;cromo;urrea;unidad;9;0;0
149;micro shiw p/tina  (hab);negro;negro;No aplica;unidad;4;0;0
150;abrasadera sin fin;3/4 A11/2  ;galvanisado;No aplica;unidad;4;0;0
151;abrasadera sin fin;2 pulg.;gabanisado;No aplica;unidad;2;0;0
152;abrasadera sin fin;4 pulg EMT;galbanisado;No aplica;unidad;4;0;0
153;abrasadera de uña 3/4;No aplica;Galbanisado;No aplica;unidad;30;0;0
154;abrasadera tipo U;2 pulg. EMT;No aplica;No aplica;unidad;4;0;0
155;Llave p/regadera;fig. 39.1;cromo;rugo;unidad;2;0;0
156;comtra para lavabo;49984 ce-206;cromo ;foset;unidad;4;0;0
157;filtro p/fitrcion de agua;pkuf 6uv;No aplica;purikor;unidad;1;0;0
158;balbulas 3 vias  1/2 E.S.;EXT-SW-ne153c2;No aplica;HAB. CLIMA;unidad;37;0;0
159;valvula para gas ;No aplica;cobre;san son;unidad;7;0;0
160;valvula de un calor p/GAS;No aplica;cobre;No aplica;unidad;5;0;0
161;valvula selenoyde;3/4 entrada y salida;No aplica;tecsol;120;2;0;25
162;valvula selenoyde p/AGUA;1/2 entrada y salida;No aplica;tecsol;24 volt;1;0;0
163;cespol fexible completo;49506   11/2;BLANCO;foset;unidad;2;0;0
164;Cespol flexive 1 1/4;49365;blanco;foset;unidad;1;0;0
165;comtra canasta;2 pulg.;pvc;foset;unidad;5;0;0
166;pegamento P.V.C;LIQUIDO;GRIS;oatey;473.g;1;0;0
167;cspol completo 1 1/2;URREA;plas p.v.c;No aplica;unidad;0;2;0
168;pagamento p.c.v;LIQUIDO;trasparente;tangui;475.g;1;1;2
169;Pasta p/soldar;sera;sera;truper;100.g;3;0;0
170;soldadura  estaño;50  50;estaño;truper;No aplica;1;0;0
171;soldadura  estaño;95,5;estaño;truper;450.g;1;0;0
172;soldadura ele. ;6013;No aplica;infra;1 /2 KG.;1;0;0
173;soldadura plata;varillas planas;No aplica;No aplica;unidad;7;0;0
174;manguera para gas l.p c.3/8;24066 flexible;aluminio ;foset;9.5 m;9;0;0
175;regulador de gas l.p;102 MR;No aplica;lusa;unidad;2;0;0
176;manguera p/gas refersado;No aplica;negro;No aplica;1.5 m;3;0;0
177;chumasera al piso;No aplica;azul;SKF;2PULG.;2;0;0
178;chaumacera al piso;psb-107;azul;skf;1  7/16;4;0;0
179;chumacera al piso;331-d;azul;skf;1 pulg.;2;0;0
180;chmacera al piso;No aplica;negras timken;timken;unidad;2;0;0
181;chumacera al piso;132-B;azul;skf;1 1/4;2;0;0
182;chumacera al piso;No aplica;azul;skf;1  1/4 ;1;0;0
183;Cumacera a la pared;011w;azul;skf;1 pulg.;1;0;0
184;chumacera a la pared;No aplica;azul;skf;1  3/16;2;0;0
185;chumacera a la pared;No aplica;azul;skf;2  3/16;1;0;0
186;chumacera a la pared;No aplica;azul;skf;1  9/16;2;0;0
187;tuerca union 1pulg.;galbanisado;roscable;No aplica;unidad;5;0;0
188;tuerca union  3/4 PULG.;galbanisado;Rocable;No aplica;unidad;5;0;3
189;tuerca union 11/4;galbanisado;Rocable;No aplica;unidad;8;0;0
190;tuerca union 1 1/2;galbanisado;Rocable;No aplica;unidad;3;0;0
191;tuerca union  2 pulg.;galbanisado;roscable;No aplica;unidad;2;0;0
192;tuerca union  2 1/2;galbanisado;roscable;No aplica;unidad;1;0;0
193;codo 1/2 pulg.  90 grado;galbanisado;roscable;No aplica;unidad;7;0;0
194;codo 1/2 PULG.45 grado;galvanisado;roscable;No aplica;unidad;5;0;0
195;codo 3/4 PULG.  90 grado;gavanisado;roscable;No aplica;unidad;4;0;0
196;codo 3/4 pug.  45 grado  ;galvanisado;roscable;No aplica;unidad;4;0;0
197;codo  1 1/4 pulg.  90 grado;galvanisado;roscable;No aplica;unidad;1;0;0
198;codo 1 1/4 pulg.  90 grado;c. 80;roscable;No aplica;unidad;3;0;0
199;codo 3 pulg.          90 grado;galbanisado;roscable;No aplica;unidad;1;0;0
200;codo 2 1/2             90 grado;galbanisado;roscable;No aplica;unidad;4;0;0
201;codo  11/2            45 GRADO;galbanisado;roscable;No aplica;unidad;2;0;0
202;codo  2 pulg.       45 grado;galbanisado;roscable;No aplica;unidad;1;0;0
203; T 1 1/2 pulg.      ;grodo 5 f. negro;roscable;No aplica;unidad;1;0;0
204;T   l 1/4 PULG.    ;grado  5  f. negro;roscable;No aplica;unidad;3;0;0
205; T 1 1/2 pulg.      ;galbanisado;roscable;No aplica;unidad;3;0;0
206;niple corrido 2 1/2;galbanisado;roscable;No aplica;unidad;3;0;0
207;niple corrido 2 pulg.;galbanisado;roscable;No aplica;unidad;2;0;0
208;niple  corrido 1 1/4;galbanisado;roscable;No aplica;unidad;2;0;0
209;niple corrido 3/4;galbanisado;roscable;No aplica;unidad;5;0;0
210;niple corrido  1/2;galbanisado;roscable;No aplica;unidad;2;0;0
211;R. bushin 2 1/2 A 2 pulg;galbanisado;roscable;No aplica;unidad;1;0;0
212;R. bushin 1 1/2 a 1. pulg.;galbanisado;roscable;No aplica;unidad;1;0;0
213;R. bushin 1 1/4 a 1/2;galbanisado;roscable;No aplica;unidad;1;0;0
214;R. bushin 3/4  A1/2  pulg.;galbanisado;roscable;No aplica;unidad;1;0;0
215;R. campana 2 A 1 pulg.;galbanisado;roscable;No aplica;unidad;2;0;0
216;trampa para vapor 374;TD -52;roscable;dewit;43kg;1;0;0
217;trampa para vapor 3/4;T D -50;roscable;dewit;43 kg;1;0;0
218;madidor de agua;No aplica;No aplica;No aplica;unidad;1;0;1
219;balero 6204 2z;No aplica;No aplica;skf;unidad;4;0;0
220;balero 6206 2z;No aplica;No aplica;SKF;unidad;3;0;0
221;balero 6208 2zrs1/C3GJN;No aplica;No aplica;SKF;unidad;2;0;0
222;balero 6002 2z;No aplica;No aplica;skf;unidad;2;0;0
223;balero 6210 2rs/C3;No aplica;No aplica;SKF;unidad;1;0;0
224;Balero 6209  2RS1/c3;No aplica;No aplica;skf;unidad;1;0;0
225;balero  6308  2RS1/c3;No aplica;No aplica;skf;unidad;2;0;0
226;balero  6306 2RSC3;No aplica;No aplica;SKF;unidad;2;0;0
227;Balero  6307  2z/C3HT51;No aplica;No aplica;SKF;unidad;1;0;0
228;Balero 6307  22RC3J2C;No aplica;No aplica;FAG;unidad;1;0;0
229;BALERO 6307 2zr-c3;No aplica;No aplica;fag;unidad;2;0;0
230;balero 6305 2zr-c3;No aplica;No aplica;fag;unidad;1;0;0
231;balero  6310  2Z/c3;No aplica;No aplica;skf;unidad;2;0;0
232;balero  6310 2RS1/c3;No aplica;No aplica;skf;unidad;1;0;0
233;balero 6313  2RS1;No aplica;No aplica;SKF;unidad;1;0;0
234;balero  6312  2z/C3;No aplica;No aplica;SKF;unidad;1;0;0
235;Sello mecanico PT 0133;resorte lango;No aplica;Vazel;unidad;8;0;0
236;sello mecanico PT134;resorte lango;No aplica;Vazel;unidad;5;0;0
237;sello macanico pt0131;resorte lango;No aplica;vazel;unidad;2;0;0
238;sello mecanico PT525 1pulg;resote corto ;No aplica;vazel;unidad;2;0;0
239;sello mecanico pt105 5/8;resorte corto;No aplica;vazel;unidad;2;0;1
240;sello macanico pt106  3/4;resorte corto;No aplica;vazel;unidad;5;0;0
241;sello mecanico oy 60;resorte corto 1 1/4;No aplica;gimex;unidad;2;0;0
242;sello mecanico 1 1/2;resote corto ;No aplica;Ipecom;unidad;1;0;0
243;tornillo 1/2 X3;Asero galvanisado;No aplica;No aplica;unidad;25;0;0
244;tornillo 3/4 X6;Asero  galvanizado;No aplica;No aplica;unidad;5;0;0
245;tornillo c/cabeza de gota;Asero galvanisado;No aplica;kilos;1;1;0;0
246;pija c /punta phillips;galbanisado;No aplica;No aplica;unidad;150;0;100
247;taquete de plastico 1/4;No aplica;No aplica;gris;unidad;100;100;100
248;taquete de plastico 3/8;usu tablaca roca;No aplica;blaco;unidad;80;0;0
249;taquete de plastico 3/8;No aplica;No aplica;blanco;unidad;150;0;0
250; taquete plastico 3/8;No aplica;No aplica;gris;unidad;150;0;0
251;codo 90 grado  6 pulg. ;p.b.c hidraulico;No aplica;blaco;unidad;2;0;0
252;codo 45 grado  6 pulg.;p.b.c hidraulico;No aplica;blaco;unidad;3;0;0
253;codo  90 grado  6 pulg.;p.b.c hidraulico;No aplica;blaco;unidad;1;0;0
254;cople liso  6 pulg.;p. b. c  hidraulico;No aplica;blanco;unidad;2;0;0
255;T       6 PULG.;p.b.c hidraulico;No aplica;blanco;unidad;1;0;0
256;T    4 pulg.  ;sanitario;No aplica;blanco;unidad;4;0;0
257;codo  45 grado   4 pulg.;sanitario;No aplica;blanco;unidad;8;0;0
258;Y                               4 PULG;sanitario;No aplica;blanco;unidad;1;0;0
259;codo  45 grado   4 pulg.;hidraulico;No aplica;blanco;unidad;2;0;0
260;T       90 grado      4 pulg.;hidraulico;No aplica;blanco;unidad;4;0;0
261;tuerca union       4 pulg.;hidraulico;No aplica;blnco;unidad;1;0;1
262;conector r/liso   4 pulg;hidraulico;No aplica;blanco;unidad;1;0;0
263;cople corrido      4 pulg. ;hidraulico;No aplica;blanco;unidad;1;0;0
264;cople corrido   3pulg.                      3 pulg.;hidrauluco;No aplica;blanco;unidad;3;0;0
265;cople   roscable liso 3pulg.;hidraulico;No aplica;blanco;unidad;3;0;0
266;tuerca union 21/2 pulg.;hidraulico;No aplica;blanco;unidad;3;0;0
267;codo  45 grado  3pulg;hidraulico;No aplica;blanmco;unidad;2;0;0
268;codo  45 grado   2 1/2 PULG.;Hidraulico;No aplica;gris;unidad;1;0;0
269;cople roscable/Liso 3pulg.;sanitario;No aplica;blaco;unidad;1;0;0
270;niple liso 3pulg.      ;sanitario;No aplica;blanco;unidad;2;0;0
271;chekk /g  3pulg.;No aplica;No aplica;gris;unidad;1;0;0
272;Y                                  3 pulg.;hidraulico;No aplica;blanco;unidad;2;0;0
273;T                                  3 pulg.;hidraulico;No aplica;blanco;unidad;2;0;0
274;reducido  cap  3x2 pulg.;hidraulico;No aplica;blanco;unidad;1;0;0
275;radusido bushin 3x2 1/2PUL;hidraulico;No aplica;blanco;unidad;1;0;0
276;redusido bushin 3x2pulg;hidraulico;No aplica;blanco;unidad;3;0;0
277;codo 90  grado 2 1/2 Pulg.;hidraulico;No aplica;blanco;unidad;1;0;0
278;T                           2 1/2 pulg.;hidraulico;No aplica;blanco;unidad;1;0;0
279;cople reducido 2 1/2X2 pulg;hidraulico;No aplica;blanco;unidad;3;0;0
280;tuerca union   2pulg.;p.b.c hidraulico;No aplica;gris;unidad;1;0;1
281;tuerca union 2pulg. ;hidraulico;No aplica;blanco;unidad;1;0;1
282;T          2 pulg;hidraulico;No aplica;blanco;unidad;1;0;1
283;codo 90 grado  2 pulg. ;hidraulico;No aplica;blanco;unidad;3;0;3
284;codo  90 grado  2pulg.;hidraulico;No aplica;gris;unidad;1;0;0
285;tuerca union 1 1/2 Pulg.;hidraulico;No aplica;blanco;unidad;6;0;0
286;tuerca union 1 1/4;hidraulico;No aplica;blanco;unidad;1;0;0
287;codo 45 grado  2 pulg.;hidraulico;No aplica;blanco;unidad;5;0;2
288;codo 45 grado 1 1/2;Hidraulico;No aplica;blanco;unidad;6;0;0
289;codo 90 grado 1 1/2;hidraulico;No aplica;blanco;unidad;5;0;0
290;codo liso    2 pulg.;hidraulico;No aplica;blanco;unidad;1;0;0
291;conector roscable 1 1/2 PUL;hidraulico;No aplica;blanco;unidad;2;0;0
292;cople liso  1 1/2 pulg.;hidraulico;No aplica;blanco;unidad;5;0;0
293;reducido  2x1;p.b.c. hidraulico;No aplica;blanco;unidad;4;0;0
294;reducido 2x1 1/2 PULG.;P.B.C hdraulico;No aplica;blanco;unidad;3;0;0
295;reducido  21/2X1 1/2 pulg.;P.B.C hidraulico;No aplica;blanco;unidad;1;0;0
296;conector rascable 1 pulg.;p.b.c  hidraulico;No aplica;blanco;unidad;4;0;0
297;Y      2PULG.;p.b.c sanitario;No aplica;blanco;unidad;7;0;0
298;Y      1 1/2 pulg.;p.b.c sanitario;No aplica;blanco;unidad;7;0;0
299;y     8x4     pulg.;p.b.c sanitario;No aplica;blanco;unidad;1;0;0
300;cople  6 pulg.;p.b.c sanitrio;No aplica;blanco;unidad;1;0;0
301;|T         6 PULG.;P.B.C sanitario;No aplica;blanco;unidad;1;0;0
302;reducido  8x6 pulg. ;p.b.c sanitario;No aplica;blanco;unidad;1;0;0
303;Y          4X2 PULG.;P.B.C sanitario;No aplica;blnco;unidad;1;0;0
304;reducido 4x2 pulg.;p.b.c sanitario;No aplica;blanco;unidad;4;0;0
305;cople      6 pulg,;p.b.c sanitario;No aplica;blanco;unidad;1;0;0
306;Y               4 PULG.;P.B.C sanitario;No aplica;blanco;unidad;3;0;0
307;tapon     3 pulg.;p.b.c hidraulico;No aplica;blanco;unidad;3;0;0
308;tapon gorro ;p.b.c hidraulico;No aplica;blanco;unidad;5;0;0
309;balbula esfera 1 1/4 pulg.;p.b.c rascable hidraulico;No aplica;blaco;unidad;2;0;0
310;balbula esfera  1 pulg.;p.b.c pegado hidraulica;No aplica;blanco;unidad;1;0;1
311;balbula espera 2 pulg.;p.b.c pegado hidraulica;No aplica;blanco;unidad;1;0;1
312;T        1/2 pulgada ;p.b.c hidraulico;No aplica;blanco;unidad;70;0;1
313;codo 45 grado 1/2 pulg.;p.b.c hidraulico;No aplica;gris;unidad;60;0;0
314;T         3/4 pulg.;p.b.c hidraulico;No aplica;blanco;unidad;30;0;2
315;Y         3/4  PULG.;p.b.c hidraulico;No aplica;blanco;unidad;6;0;0
316;Y        1/2  pulg.                           ;p.b.c hidraulico;No aplica;blanco;unidad;3;0;0
317;tuerca union  3/4 pulg.;p. b. c  hidraulico;No aplica;blaco;unidad;4;0;1
318;Tuerca union  1/2 PULG.;p.b.c  hidraulico;No aplica;Blanco;unidad;1;0;1
319;tuerca union  1 pulg.;p.b.c  hidraulico;No aplica;blanco;unidad;8;0;0
320;conector rosca ext.3/4 pulg;p.b.c hidraulico;No aplica;blanco;unidad;14;10;1
321;conector rosca int.3/4 PULG;p.b.c  hidraulico;No aplica;blanco;unidad;14;0;2
322;codo 90 grado 1/2 PULG.;p.b.c  hidraulico;No aplica;blanbo;unidad;4;10;4
323;codo 45 grado 3/4 pulg.;p.b.c  hidraulico;No aplica;blnco;unidad;2;0;0
324;conecto rosca ext. 1 pulg.;p.b.c hidraulico;No aplica;blanco;unidad;3;0;0
325;codo 90 grado 3/4 Pulg.;p.b.c hidraulico;No aplica;blanco;unidad;10;10;2
326;codo 90 grado 1 pulg.;p.b.c  hidraulico;No aplica;blanco;unidad;7;0;0
327;Codo 45 grado 1 pulg.;p.b.c  hidraulico;No aplica;blanco;unidad;30;0;0
328;codo 45grado  1 1/2 Pulg.;p.b.c sanitario;No aplica;blanco   ;unidad;35;0;0
329;ceple liso   2  pulg.;p.b.c  sanitario;No aplica;blanco;unidad;22;0;2
330;cople liso 1 1/2  pulg.;p.b.c sanitario;No aplica;blnco;unidad;20;0;0
331;cople termofuncion 110;tipo 3 PN -25;No aplica;VERDE;unidad;2;0;0
332;Cople termofuncion 25;tipo 3 pn-20;No aplica;verde;unidad;2;0;0
333;cople termofuncion 63;tipo 3 pn-20;No aplica;VERDE;unidad;2;0;0
334;codo 90 grado termo. 32;tipo 3 pn-20;No aplica;verde;unidad;80;0;0
335;conector 32x3/4 termof.;TIPO 3 pn-25;No aplica;verde  ;unidad;24;0;0
336;conector 32x1 termof;tipo 3 pn-25;No aplica;verde;unidad;3;0;0
337;conector 25x3/4 R/ termof;tipo 3 pn-20;No aplica;verde;unidad;30;0;0
338;codo termf. 90 grado 25;tipo 3 pp-r;No aplica;verde;unidad;65;0;0
339;codo trmf. 45 grado 32;tipo 3 pp-r;No aplica;verde;unidad;1;0;0
340;conector rec./termof. 40x25;tipo 3 pp-r;No aplica;verde  ;unidad;1;0;0
341;cople/rec. Termf. 32x25;tipo 3 pp-r;No aplica;verde;unidad;1;0;0
342;cople/rec. Termf. 63x50;tipo pp n;No aplica;verde;unidad;3;0;0
343;cople  40 term. ;tipo 3 pp-r;No aplica;verde;unidad;2;0;0
344;T term. 32x25x25 ;tipo 3 pp-r;No aplica;verde;unidad;2;0;0
345;T TERM.  32;TIPO 3-pp-r;No aplica;verde;unidad;1;0;0
346;codo term 90 grado  40;tipo 3  pp-r;No aplica;verde;unidad;7;0;0
347;T   TERM. 63 ;tipo 3  pp-r;No aplica;verde;unidad;5;0;0
348;codo term. 90 grado 63;tipo 3  pp-r;No aplica;verde;unidad;3;0;0
349;codo term. 90 grado 50;tipo 3  pp-r;No aplica;verde;unidad;7;0;0
350;codo term. 45grado 50;tipo 3  pp-r;No aplica;verde;unidad;7;0;0
351;codo term. 45 grado 40;tipo  3  pp-r;No aplica;verde;unidad;14;0;0
352;cople/R term. 75x50;tipo 3  pp-r;No aplica;verde;unidad;2;0;0
353;T term 40/25;TIPO 3 PP-R;No aplica;verde;unidad;1;0;0
354;conector term. 50x1 1/2 M;tipo 3 pp-r pn 25;No aplica;verde;unidad;8;0;0
355;conector term.40x1 1/2 ;TIPO 3 PP-R PN-25;No aplica;VERDE;unidad;16;0;0
356;curva elec. I pulg. ;p.v.c ;No aplica;verde;unidad;12;0;0
357;curva elec. De 3/4 PULG.;P.V.C ;No aplica;verde;unidad;45;0;0
358;curva elec. De 2pulg.;p.v.c ;No aplica;verde;unidad;4;0;0
359;conector elec.  3/4 ;p.v.c ;No aplica;verde;unidad;50;0;0
360;cople ext. Elec. 1/2 PULG.;p.v.c ;No aplica;verde;unidad;30;0;0
361;cople elec.   1 pulg.;p.v.c ;No aplica;verde;unidad;6;0;0
362;conector elec 1/2 PULG.;p.v.c ;No aplica;verde;unidad;20;0;0
363;conector elec.  1/2 pulg.;galbanizado;No aplica;galbanisado;unidad;7;0;0
364;motor p/camara frias;m. D1127  mcmillan;H.P 1/12 v 115 ;amp. 10.6 1550 r;unidad;3;0;2
365;motor p/camara frias;m 483-4r;H.P1/40 V127;amp. 1.0 550prm;unidad;2;0;0
366;motor p/camara frias;m.ja2p189n Smith;h.p1/20 V 115;1550 r.pm;unidad;3;0;0
367;termostato clima salones;tb7980a1006 honywell;24 vac;No aplica;unidad;3;0;0
368;bisagra de cantina ;look;No aplica;laton;unidad;7;0;0
369;Resbalon atornillave;base para mesa;No aplica;negro;unidad;46;32;0
370;Resbalon ;fijo clavo;No aplica;blanco;unidad;102;0;0
371;resbalon roscable 3/8 ;base para mesa;No aplica;NEGRO;unidad;43;23;0
372;Clavo 1 1/2 PULG.;No aplica;No aplica;No aplica;kgs;1;0;0
373;clavo alfilirillo 1 pulg.;No aplica;No aplica;No aplica;kgs;1;0;0
374;clavo  1 pulg;No aplica;No aplica;No aplica;kgs;5;0;0
375;resbalon  para puerta;M203-8;No aplica;galvanizado;unidad;13;0;0
376;carradura de embutir;MLC-GR;No aplica;Plateada loook;unidad;2;0;2
377;bisagra al piso val-ven;M1500  phillips;philips;Asero inixidable;unidad;1;0;1
378;cerradura p/recamara;M CXC- 1178 de pomo;cerfon;No aplica;unidad;1;6;3
379;cerradura p/ Baño HAB.  ;de pomo;phillips;Inoxidable  ;unidad;1;0;0
380;|cerradura p/perfil;m. 549-as;phillips;aluminio;unidad;1;2;3
381;corradura telescopica;50  cemtimetro;No aplica;handy home;pares;16;0;0
382;corradura telescopica;3.5 x 50 centimetro;43288;hermex;pares;5;0;0
383;corradura telescopica;3.5 x 40 centimetro;33349;handy home;pares;5;0;0
384;corradura telescopica;4.0 x 30 centrimetro;No aplica;handy home;pares;32;0;0
385;corredera telescopica;3.5 x 25 centrimetro;No aplica;handy home;pares;3;0;0
386;pijas de 2 1/2x8;para madera;negras ;No aplica;unidad;100;0;0
387;pijas de 3x8;para madera;negras ;No aplica;unidad;100;0;100
388;pijaC/cabeza exagonal;1 x1/4 ;blancas;No aplica;unidad;200;0;100
389;pija c/Cabeza plana de 1/2;auto laladrante;No aplica;No aplica;unidad;50;0;25
390;Pija c/cabeza exagonal ;taladrante 1/4 X 3/4;No aplica;blanca;unidad;230;0;0
391;Alcayatas ;No aplica;No aplica;galvanizada;unidad;20;0;0
392;tornillo de mariposa 3/16;No aplica;No aplica;galbanizada;unidad;9;0;0
393;Basagra bidimensional;m.14356     planas;blancas;hermex;pares;10;0;0
394;bisagra bidimensional;curva;blancas;bruken ase boy;unidad;8;0;0
395;jaladera turbular 16 cm;m.43870 estilo cilindro;nikel sat;hermex;unidad;20;0;0
396;jaladerade asero 128 cm;m.43829 ;laton brillante;hermex;unidad;16;0;0
397;jaladera b/Hueca ;m. 44701148;asero inxidable;ceraje;unidad;10;0;0
398;jaladera p/mueble 9.6cm;jal-0311-43828;niquel satinado;hermex;unidad;5;0;0
399;cerrejo adicional 510 m ns;cod.89202;niqul satinado;yale;unidad;2;0;0
400;carretilla aeria p/ puerta;dn 80 pl -   2 hojas;negras;ducasse industrial;unidad;2;0;0
401;jaladera de placa 30x10;No aplica;inoxidable;No aplica;unidad;5;0;1
402;cerradura p/perfil p/HAB.;M 435;aluminio;phillips;unidad;4;0;0
403;filtro p/Diesel (caldera);P550-105;No aplica;donaldson;unidad;4;0;0
404;Empaque estrella #2;Bonba de condezado;ule;No aplica;unidad;5;0;0
405;Enpaque estrella #1;Bonba de diesel;ule;No aplica;unidad;3;0;0
406;EXT. Cola de cochino 1/4;para manometro;metal ;No aplica;unidad;3;0;0
407;pintura aluminio a/Temp.;No aplica;esmalte;aluminio comex;litros;4;0;0
408;tinta en alcohol ;TS-6629.30;chocolate;chocolate sayer;litros;1;0;0
409;tinta en alcohol ;TS6615.30;nogal clasico;nogal clasico sayer;litros;1;0;1
410;catalizador  poliuretano;Uc-0042.30;fondo rapido;sayer;litros;1;6;2
411;diluyente ;D-0500;para laka cristal;sayer;litros;1;20;13
412;barniz poliuretano;UM-1030.30;simi mate;sayer;litros;5;5;7
413;barniz poliuretano;UF0042.30;fondo rapido;sayer;litros;3;0;3
414;pintura;laca industrial ;negro ;No aplica;litros;1;0;1
415;pimtura;laca industrial ;blanco;No aplica;litros;1;0;1
416;gasolina;No aplica;blancas;comex;litros;4;0;0
417;pintura esmalte;alto brillo;rojo oxido;comex;litros;4;0;2
418;resistol 850;No aplica;blanco;resistol;unidad;2;0;1
419;Aerosol ;esprit;amarillo;truper;4 d/400ML;4;0;0
420;Aerosol ;esprit;amarillo;comex;7 d/400ML;7;0;0
421;Aerosol ;esprit;blanco;comex;2 d/400ML;2;0;0
422;Toallero de barra (HAB);truper;cromado;No aplica;unidad;2;0;0
423;lija  para metal;truper;hoja;FANDALI;unidad;10;50;52
424;lija rollo;para esmeril m80;rojo oxido;No aplica;metros;10;0;7
425;sinta antirapante ;cla-118n;negro;truper;metros;1;5;0
426;manguera flexible 1/2-7/8;35cm lango;aluminio;flexilum;unidad;5;5;0
427;manguera flexible1/2-1/2;40cm largo;aluminio;foset;unidad;15;0;0
428;manguera flexible 1/2-7/8;55cm largo;aluminio;foset;unidad;12;0;0
429;mangura flexible 1/2-3/8;55cm largo;aluminio;flexilum;unidad;7;0;0
430;perfacinta   2pulg;tabla roca;hueso;hidraulico;rollo;9;0;3
431;cinta  2pulg.;masqui;hueso;truper;rollo;4;0;1
432;cinta   masqui 1 pulg.;masqui;hueso;truper;rollo;6;0;4
433;cinta gris 2pulg.;3M ;gris;3m;rollo;3;4;6
434;cinta de aluminio;TUK;Aluminio;TUK;unidad;9;0;9
435;silicon no mas clavo;tubo de 353g.;blanco;resistol;unidad;10;10;7
436;silicon blanco claro;tubo353g.;blanco;truper;unidad;1;0;1
437;silicon  traparente;tubo 280 ml;tranparente;pepe;unidad;3;0;2
438;silicon blanco  ;tubo 300 ml;blanco;tubosista;unidad;5;17;7
439;silicon tranlucido s/ONGO;tubo 280ml;tranparente ;keys;unidad;10;10;6
440;maneral p/Rodillo ;9mm x1 1/2;metal;truper;unidad;8;0;3
441;minimaneral ;4x12 Ap7103;metal;byp;litros;2;0;2
442;pintura venilica;6036;igualada;sherwin willeams;cubeta;3;6;7
443;pintura venilica;6038;igualada;sherwin willeams;cubeta;3;0;1
444;pintura venilica;tepache;igualada;sherwin willeams;cubeta;1;2;2
445;pintura venilica;blanco;hidraulico;sherwin willeams;unidad;3;2;4
446;pintura venilica;1312;hidraulico;sherwin willeams;unidad;1;1;2
447;pintura venilica;6001;hidraulico;sherwin willeams;unidad;1;3;3
448;pintura venilica;6084;hidraulico;sherwin willeams;unidad;3;4;6
449;pintura venilica;pasill comedor 7660;hidraulico;sherwin willeams;unidad;1;0;1
450;pintura esmalte;solucion a agua;gris;sherwin willeams;unidad;1;1;1
451;pintura epoxico A;Epoxico A-B;gris perla;sherwin willeams;unidad;1;1;0
452;pintura esmalte;hidraulico;amarrillo trafico;sherwin willeams;unidad;1;0;1
453;redimix;panel rey;pasta;panelrey;cubeta t-roca;1;7;5
454;tapa p/W.C 18p 45mm;AWC-45A cod.49906;hueso;foset;unidad;10;0;6
455;resistol p/ALFONBRA;3085;15 lst;Roberts;cubeta;4;0;0
456;tobo cobre en rollo;5/8  flexible;hidraulico;hidraulico;rollo;1;0;0
457;tubo cobre en rollo;3/8 Fexible;hidraulico;hidraulico;rollo;1;0;0
458;tubo cobre en rollo;1/4 FLEXIBLE;hidraulico;hidraulico;metros;5;0;0
459;tubo de cobre;1/2 PULG.;hidraulico;hidraulico;tramos;4;0;20
460;tubo de cabre  3/4;hidraulico;C;hidraulico;tramo;1;0;0
461;tubo de cobre;1 pulg.;hidraulico;hidraulico;tramo;1;0;0
462;Tubo de p.b.c;;negro;hidraulico;unidad;7;0;0
463;tubo p.b.c ;c40 3/4 ;BLANCO;hidraulico;tramo;10;0;0
464;tubo p.b.c ;C  40  1/2;Blaco;hidraulico;tramo;1;0;4
465;tubo p.b.c sanitario;4 pulg.;blanco;sanitario;tramo;1;0;0
466;tubo p.b.c ;2 1/4 PULG;blanco;sanitario;tramo;1;0;0
467;tubo p.b.c ;2 pulg.;blaco;sanitrio;tramo;2;0;1
468;tubo p.b.c;1 1/2;Blanco;sanitario;tramo;5;0;0
469;tubo p.b.c ;1 1/4 PULG.;blanco;sanitario;tramo;5;0;0
470;postes p/tabla roca;1 1/2 X2;Galbanisado;No aplica;unidad;8;0;7
471;postes p/tabla roca;1 x3;Galbanisado;No aplica;unidad;10;0;6
472;piso ceramica cocina;20x20;No aplica;No aplica;caja;9;0;8
473;cemento ;150  K;gris;No aplica;sacos (25kg);2;10;7
474;tabla roca ;120 x240;No aplica;No aplica;placas;11;5;6
475;brochas;4 pulg.;dorado;No aplica;unidad;6;6;7
476;brochas;2 pulg.;dorado;No aplica;unidad;4;10;5
477;brocha camelus;4 pulg.;byp;No aplica;unidad;4;4;2
478;brocha camelus;2 pulg.;byp;No aplica;unidad;2;6;7
479;cortina jaguallana;6 pulg.;No aplica;No aplica;rollo;1;0;1
480;soclo ;2 pulg.;No aplica;No aplica;unidad;2;0;0
481;for clin;blanco;No aplica;No aplica;galon (18lts);1;1;4
482;banda HI power;B83;NEGRAS;No aplica;unidad;15;0;0
483;banda HI power;B82;negras;No aplica;unidad;10;0;0
484;banda HI power;B70;NEGRAS;No aplica;unidad;2;0;2
485;bandaHY-Ttorque tean;2/BX120;negrs;No aplica;unidad;1;0;1
486;banda HI power;2/BX120;negras;No aplica;unidad;2;0;0
487;banda HI power;B67;Negras;No aplica;unidad;3;0;0
488;BANDA dayco;BX 67;negras;No aplica;unidad;2;0;0
489;banda HI power;B65;Neggro;No aplica;unidad;5;0;0
490;band hi power;B85;negro;No aplica;unidad;1;0;0
491;banda HI power;B64;negro;No aplica;unidad;2;0;0
492;banda HI power;B63;negro;No aplica;unidad;6;0;0
493;banda HI power;B60;negro;No aplica;unidad;14;0;0
494;banda HI power;B58;negro;No aplica;unidad;1;0;0
495;banda HI power;B57;negro;No aplica;unidad;2;0;0
496;banda HI power;B75;negro;No aplica;unidad;7;0;0
497;Banda  DAYCON ;b76;negro;No aplica;unidad;4;0;0
498;Banda tri power;Bx49;negro;No aplica;unidad;3;0;0
499;Banda Hipower;B53;negro;No aplica;unidad;2;0;0
500;Banda RSPC;M411425;negro;No aplica;unidad;2;0;0
501;banda ;3VX 850;negro;No aplica;unidad;4;0;0
502;banda super HC;5Vx800;negro;No aplica;unidad;4;0;0
503;banda BELT;3V800;Negro;No aplica;unidad;5;0;0
504;banda dayco;B28 17x281mm;negro;No aplica;unidad;1;0;0
505;Banda HIpower;A 25;negro;No aplica;unidad;4;0;0
506;Banda Hipower;A42;negro;No aplica;unidad;4;0;0
507;banda HI power;A 48;negro;No aplica;unidad;6;0;0
508;banda HI power;A 64;Negro;No aplica;unidad;4;1;0
509;banda HI power;A 52;negro;No aplica;unidad;6;1;0
510;Banda Hipower;A 57;negro;No aplica;unidad;14;0;0
511;banda HI power;A60;negro;No aplica;unidad;12;0;0
512;Bnda HI power;A 75;negro;No aplica;unidad;2;0;0
513;banda HI power;A 67;Negro;No aplica;unidad;2;0;0
514;gas refrigernte;R 22;camaras;tanque de57 k;bolla;2;0;2
515;gas refrigernte;410 A;camaras /Refri;No aplica;bolla;1;0;0
516;gas refrigernte;404 A;camaras /Refri;No aplica;bolla;1;0;0
517;Thiner estandar;estandar W;SHERWIN;No aplica;unidad;0;1;32
518;aceite p/chiller;No aplica;yor;No aplica;tanque;2;0;0
519;agua  P/ bateria;optinus;No aplica;No aplica;galones;3;0;0
520;caña termo flexi  3/4;No aplica;termo flex;No aplica;unidad;4;0;0
521;caña termo flex   1/2;No aplica;termo flex;No aplica;unidad;4;0;0
522;Caña termo flex  1/4;No aplica;No aplica;No aplica;unidad;50;0;0
523;Maya para serca;No aplica;No aplica;No aplica;rollo;3;0;0
524;Aceite 2 tiempo;No aplica;truper;No aplica;unidad;4;0;2
525;Actuador para clima de HAB;va-7010-8502-c;CE ;No aplica;120 V;0;5;5
526;cemento blanco;;uniblok;No aplica;kilo;4;0;4
527;felpa  p/rodillo -  9;micro fibra  -3/8;truper;No aplica;unidad;5;20;24
528;felpa  p/rodillo -  9;pretul                   3/8;No aplica;No aplica;unidad;2;0;2
529;FELPA  p/rodillo -  4;micro fibra  -3/8;No aplica;No aplica;unidad;2;14;10
530;lampara toledo;100 watts;lumiannce;No aplica;120/220;0;9;0
531;Lampar florente led ;EG-T8C-40W  240CM;energain;BLANCO FRIO;unidad;20;0;14
532;tiner americono;comex;No aplica;No aplica;18 lts;0;1;24
533;pintura esmalte ;sherwin;No aplica;negro;unidad;0;1;1
534;pasador abatible HAHB.;hermex;cromado;No aplica;unidad;0;20;2
535;FELPA p/rodello da 4;No aplica;No aplica;No aplica;unidad;6;20;14
536;bisagra cuadrada  ;ermex;asero  ;No aplica;3 pulg. (juegos);5;0;0
537;pija tablaroquera;vekey;8x1;No aplica;01 pulg.;0;600;600
538;pegamento loctite;loctite 495;No aplica;2 gotero de 20 g;gotero;2;0;2
539;barniz nitrocelulosa;sayer laca industrial;rojo oxido;2 lts.;unidad;0;2;1
540;barniz nitrocelulosa;sayer sellalack ;NS-0270;4 LTS.;unidad;0;4;2
541;PASTILLA TERMICO;Q.O 15 ampr;No aplica;No aplica;1x1;0;2;2
542;Balbula esfera 1 pulg;WOG line ;No aplica;para vapor;unidad;0;2;1
543;cinta teflon;garlok ;No aplica;No aplica;unidad;0;10;6
544;resanador ok;comex;No aplica;No aplica;950 litros;1;5;1
545;Lija hojas;fandali;No aplica;1500;unidad;25;0;5
546;resistol 500 ;resistol;No aplica;No aplica;unidad;2;1;1
547;lijs 320 ;fandeli;No aplica;No aplica;unidad;0;10;2
548;lija 80;fandeli;No aplica;No aplica;unidad;0;2;1
549;mangura p/regadera de tel;esero inoxidable;No aplica;No aplica;1.82 m;1;4;2
550;cisnta aislate ;super scohh 33;No aplica;No aplica;unidad;0;20;14
551;Bolsa negra 90x120;mega fuerte;No aplica;No aplica;unidad;3;75;50
552;Bolsa blanca 60x90;mega fuerte;No aplica;No aplica;unidad;1;12;3
553;pasta gris de piroxilina;KF-0615.30;sayer;No aplica;unidad;1;1;2
554;pintura esmante acrilico;EK 0100;sayer;No aplica;unidad;0;3;3
555;cerradura de barra;Hermex cb-400;isquierda;No aplica;unidad;0;2;1
556;cubre pija de w.c;coflex;p.v.c;No aplica;unidad;0;18;2
557;aflojatodo WD-40;W.D-40 311 gra;;No aplica;unidad;0;4;3
558;cuchillas p/ Repuesto;truper ;para cuter #7;No aplica;unidad;0;10;4
559;Valvula 3/4 Para vapor;WOG line ;No aplica;No aplica;unidad;0;2;0
560;Resanador metal,plastico;Sayer;No aplica;No aplica;250ml;0;1;1
561;cloro  50 kilos;pastilla;No aplica;No aplica;cunete;1;1;1
562;cloro  50 kilos;polvo;No aplica;No aplica;unidad;1;0;0
563;for clin azul;liquido;No aplica;No aplica;unidad;60;0;20
564;conectores elec P/tira led;No aplica;No aplica;No aplica;unidad;8;2;6
565;chifones  de incendio;oficina de mantto.;No aplica;No aplica;unidad;17;0;0
566;banbula de hidrante incen.;oficina de mantto.;No aplica;No aplica;unidad;2;0;0
567;Llave p/mangura incendio;oficina de mantto.;No aplica;No aplica;unidad;2;0;0
568;cable elec huso rudo  #12;3 HILO forrado;No aplica;No aplica;unidad;100;0;85
569;Bloquedor de umedad;blanco;Sherwin;No aplica;unidad;0;2;1
570;gasolina jardin;No aplica;No aplica;No aplica;unidad;20;60;45
571;contecto ele. c/USB;HAB.;No aplica;No aplica;unidad;0;3;1
572;Cinta de señalamiento;amarilla y negro p/piso;No aplica;No aplica;unidad;0;3;1
573;vaportay ;pegamento negro;No aplica;No aplica;unidad;0;1;0
574;Lampara reflector ;jardin;No aplica;No aplica;unidad;0;6;6
575;Nible corrido   1/2 P;p.b.c hidraulico;No aplica;No aplica;unidad;0;10;0
576;bomba p/ lavadora drenaje;unimax 220 vol;2 1/2;No aplica;unidad;0;1;1
577;super drain p/drenaje;polvo;No aplica;No aplica;unidad;0;12;1
578;contacto con tierra  HAB.;estaevez hc-e90329;blanco;No aplica;unidad;0;3;0
579;Tonillo 8X1 PIJA;GAVANISADO;No aplica;No aplica;100;0;3;1
580;tornillo 8x2 pija;galvanisado;No aplica;No aplica;100;0;2;0
581;tornillo c/taquete mariposa;fierro 3/16;No aplica;No aplica;50;0;1;0
582;pintura esmante    ;6063 serwin ;agua ras aplicacio;No aplica;cubeta;0;4;3
583;agua ras ;para pintura 6063;No aplica;No aplica;galones;0;2;2
584;impermilisante;techo lasti 10 años;No aplica;No aplica;unidad;0;3;3
585;cinta amarilla 2;No aplica;No aplica;No aplica;unidad;0;3;0
586;cerradura para escritorio;hermex   ;No aplica;No aplica;unidad;0;5;0
587;cemento motero 25 kgs;cemex;No aplica;No aplica;sacos;0;5;0
588;poli lack;ub-0240 simi mate;No aplica;No aplica;lts;0;3;0
589;catalisador;uc - 0200030;No aplica;No aplica;lts;0;5;0
